name,relative_counts,ct,ct_0,barcode,ct_1,barcode_ind
galEp,1.8974358974358974,111,38,GAGTATCGTTTAGTTTGCAT,73,1595199
galEp,5.0,118,19,GGCCCCTCTGATCACTAGAT,99,1595203
galEp,0.034482758620689655,28,28,GAATCTCAGTACATCCCGTT,0,1595196
galEp,0.043478260869565216,22,22,ACACGATCCTAGGGAGGTTG,0,1595195
galEp,0.06666666666666667,14,14,AGGCGATATGAGTTTTAGGT,0,1595214
galEp,0.07142857142857142,13,13,TAACTGGTGTATCAGTTCAA,0,1595198
galEp,0.09090909090909091,10,10,CGTTGGAGGCTTCGGAGGCA,0,1595221
galEp,0.1,9,9,CTTTGAACTCGGGTGAATTG,0,1595197
galEp,0.14285714285714285,6,6,ATTGTTCACGCTGTACCGGG,0,1595210
galEp,0.2,4,4,ACGCGAGGTGCGCAACAAGT,0,1595206
galEp,0.3333333333333333,2,2,TGGATACGTGATCAGCCGTT,0,1595202
galEp,0.5,1,1,GCACATCTGTAGTATATTTC,0,1595194
