name,relative_counts,ct,ct_0,barcode,ct_1,barcode_ind
galEp,0.05128205128205128,39,38,ACACGATCCTAGGGAGGTTG,1,1595195
galEp,0.013513513513513514,73,73,GAGTATCGTTTAGTTTGCAT,0,1595199
galEp,0.034482758620689655,28,28,GAATCTCAGTACATCCCGTT,0,1595196
galEp,0.05555555555555555,17,17,AGGCGATATGAGTTTTAGGT,0,1595214
galEp,0.0625,15,15,CGTTGGAGGCTTCGGAGGCA,0,1595221
galEp,0.07692307692307693,12,12,GGCCCCTCTGATCACTAGAT,0,1595203
galEp,0.09090909090909091,10,10,CTTTGAACTCGGGTGAATTG,0,1595197
galEp,0.2,4,4,TAACTGGTGTATCAGTTCAA,0,1595198
