name,relative_counts,ct,ct_0,barcode,ct_1,barcode_ind
galEp,0.13333333333333333,15,14,AGGCGATATGAGTTTTAGGT,1,1595214
galEp,0.02857142857142857,34,34,GAGTATCGTTTAGTTTGCAT,0,1595199
galEp,0.04,24,24,ACACGATCCTAGGGAGGTTG,0,1595195
galEp,0.047619047619047616,20,20,GAATCTCAGTACATCCCGTT,0,1595196
galEp,0.06666666666666667,14,14,CGTTGGAGGCTTCGGAGGCA,0,1595221
galEp,0.07692307692307693,12,12,GGCCCCTCTGATCACTAGAT,0,1595203
galEp,0.08333333333333333,11,11,CTTTGAACTCGGGTGAATTG,0,1595197
galEp,0.14285714285714285,6,6,TAACTGGTGTATCAGTTCAA,0,1595198
galEp,0.3333333333333333,2,2,ACGCGAGGTGCGCAACAAGT,0,1595206
galEp,0.5,1,1,TGGATACGTGATCAGCCGTT,0,1595202
galEp,0.5,1,1,ATTGTTCACGCTGTACCGGG,0,1595210
