name,relative_counts,ct,ct_0,barcode,ct_1,barcode_ind
galEp,3.0526315789473686,152,37,GAGTATCGTTTAGTTTGCAT,115,1595199
galEp,0.42857142857142855,18,13,GAATCTCAGTACATCCCGTT,5,1595196
galEp,8.76923076923077,125,12,AGGCGATATGAGTTTTAGGT,113,1595214
galEp,0.25,13,11,TAACTGGTGTATCAGTTCAA,2,1595198
galEp,0.027777777777777776,35,35,GGCCCCTCTGATCACTAGAT,0,1595203
galEp,0.02857142857142857,34,34,ACACGATCCTAGGGAGGTTG,0,1595195
galEp,0.08333333333333333,11,11,CGTTGGAGGCTTCGGAGGCA,0,1595221
galEp,0.09090909090909091,10,10,ATTGTTCACGCTGTACCGGG,0,1595210
galEp,0.14285714285714285,6,6,CTTTGAACTCGGGTGAATTG,0,1595197
galEp,0.3333333333333333,2,2,TCATCATGTGGCAACCCTCG,0,1595200
