name,relative_counts,ct,ct_0,barcode,ct_1,barcode_ind
galEp,2.121212121212121,101,32,GAGTATCGTTTAGTTTGCAT,69,1595199
galEp,4.333333333333333,78,14,GAATCTCAGTACATCCCGTT,64,1595196
galEp,0.2857142857142857,7,6,GGCCCCTCTGATCACTAGAT,1,1595203
galEp,0.037037037037037035,26,26,ACACGATCCTAGGGAGGTTG,0,1595195
galEp,0.07692307692307693,12,12,TAACTGGTGTATCAGTTCAA,0,1595198
galEp,0.08333333333333333,11,11,CGTTGGAGGCTTCGGAGGCA,0,1595221
galEp,0.1111111111111111,8,8,CTTTGAACTCGGGTGAATTG,0,1595197
galEp,0.16666666666666666,5,5,AGGCGATATGAGTTTTAGGT,0,1595214
galEp,0.2,4,4,ATTGTTCACGCTGTACCGGG,0,1595210
galEp,0.3333333333333333,2,2,ACGCGAGGTGCGCAACAAGT,0,1595206
galEp,0.5,1,1,TCATCATGTGGCAACCCTCG,0,1595200
