name,relative_counts,ct,ct_0,barcode,ct_1,barcode_ind
galEp,0.0392156862745098,51,50,GAGTATCGTTTAGTTTGCAT,1,1595199
galEp,0.1111111111111111,18,17,GGCCCCTCTGATCACTAGAT,1,1595203
galEp,0.043478260869565216,22,22,GAATCTCAGTACATCCCGTT,0,1595196
galEp,0.058823529411764705,16,16,ACACGATCCTAGGGAGGTTG,0,1595195
galEp,0.07692307692307693,12,12,CTTTGAACTCGGGTGAATTG,0,1595197
galEp,0.1111111111111111,8,8,CGTTGGAGGCTTCGGAGGCA,0,1595221
galEp,0.1111111111111111,8,8,AGGCGATATGAGTTTTAGGT,0,1595214
galEp,0.14285714285714285,6,6,ATTGTTCACGCTGTACCGGG,0,1595210
galEp,0.25,3,3,TGGATACGTGATCAGCCGTT,0,1595202
galEp,0.25,3,3,TAACTGGTGTATCAGTTCAA,0,1595198
galEp,0.5,1,1,ACGCGAGGTGCGCAACAAGT,0,1595206
