name,relative_counts,ct,ct_0,barcode,ct_1,barcode_ind
galEp,2.8979591836734695,189,48,GAGTATCGTTTAGTTTGCAT,141,1595199
galEp,0.06896551724137931,29,28,ACACGATCCTAGGGAGGTTG,1,1595195
galEp,6.269230769230769,187,25,GAATCTCAGTACATCCCGTT,162,1595196
galEp,7.076923076923077,103,12,AGGCGATATGAGTTTTAGGT,91,1595214
galEp,0.9,17,9,TAACTGGTGTATCAGTTCAA,8,1595198
galEp,0.4,5,4,TGGATACGTGATCAGCCGTT,1,1595202
galEp,0.047619047619047616,20,20,CTTTGAACTCGGGTGAATTG,0,1595197
galEp,0.05263157894736842,18,18,CGTTGGAGGCTTCGGAGGCA,0,1595221
galEp,0.125,7,7,GGCCCCTCTGATCACTAGAT,0,1595203
galEp,0.14285714285714285,6,6,ACGCGAGGTGCGCAACAAGT,0,1595206
galEp,0.16666666666666666,5,5,ATTGTTCACGCTGTACCGGG,0,1595210
