name,relative_counts,ct,ct_0,barcode,ct_1,barcode_ind
galEp,11.88888888888889,114,8,TAACTGGTGTATCAGTTCAA,106,1595198
galEp,0.019230769230769232,51,51,GAGTATCGTTTAGTTTGCAT,0,1595199
galEp,0.03125,31,31,ACACGATCCTAGGGAGGTTG,0,1595195
galEp,0.047619047619047616,20,20,GAATCTCAGTACATCCCGTT,0,1595196
galEp,0.06666666666666667,14,14,GGCCCCTCTGATCACTAGAT,0,1595203
galEp,0.07692307692307693,12,12,CGTTGGAGGCTTCGGAGGCA,0,1595221
galEp,0.08333333333333333,11,11,CTTTGAACTCGGGTGAATTG,0,1595197
galEp,0.09090909090909091,10,10,ATTGTTCACGCTGTACCGGG,0,1595210
galEp,42.0,41,0,ACGCGAGGTGCGCAACAAGT,41,1595206
