name,relative_counts,ct,ct_0,barcode,ct_1,barcode_ind
galEp,16.28125,551,31,GAGTATCGTTTAGTTTGCAT,520,1595199
galEp,0.13333333333333333,15,14,GAATCTCAGTACATCCCGTT,1,1595196
galEp,226.0,452,1,TAACTGGTGTATCAGTTCAA,451,1595198
galEp,0.05555555555555555,17,17,ACACGATCCTAGGGAGGTTG,0,1595195
galEp,0.06666666666666667,14,14,CTTTGAACTCGGGTGAATTG,0,1595197
galEp,0.09090909090909091,10,10,GGCCCCTCTGATCACTAGAT,0,1595203
galEp,0.14285714285714285,6,6,CGTTGGAGGCTTCGGAGGCA,0,1595221
galEp,0.16666666666666666,5,5,ACGCGAGGTGCGCAACAAGT,0,1595206
galEp,0.3333333333333333,2,2,ATTGTTCACGCTGTACCGGG,0,1595210
galEp,0.3333333333333333,2,2,AGGCGATATGAGTTTTAGGT,0,1595214
galEp,0.5,1,1,TGGATACGTGATCAGCCGTT,0,1595202
