name,relative_counts,ct,ct_0,barcode,ct_1,barcode_ind
galEp,0.618421052631579,121,75,GAGTATCGTTTAGTTTGCAT,46,1595199
galEp,0.6666666666666666,53,32,GAATCTCAGTACATCCCGTT,21,1595196
galEp,0.75,47,27,ACACGATCCTAGGGAGGTTG,20,1595195
galEp,1.8235294117647058,46,16,CGTTGGAGGCTTCGGAGGCA,30,1595221
galEp,1.75,31,11,GGCCCCTCTGATCACTAGAT,20,1595203
galEp,4.571428571428571,37,6,AGGCGATATGAGTTTTAGGT,31,1595214
galEp,6.75,29,3,CTTTGAACTCGGGTGAATTG,26,1595197
galEp,0.07692307692307693,12,12,TAACTGGTGTATCAGTTCAA,0,1595198
galEp,0.3333333333333333,2,2,TGGATACGTGATCAGCCGTT,0,1595202
galEp,0.3333333333333333,2,2,ATTGTTCACGCTGTACCGGG,0,1595210
