name,relative_counts,ct,ct_0,barcode,ct_1,barcode_ind
galEp,6.352941176470588,123,16,GGCCCCTCTGATCACTAGAT,107,1595203
galEp,13.142857142857142,97,6,CTTTGAACTCGGGTGAATTG,91,1595197
galEp,6.5,28,3,AGGCGATATGAGTTTTAGGT,25,1595214
galEp,0.029411764705882353,33,33,GAGTATCGTTTAGTTTGCAT,0,1595199
galEp,0.043478260869565216,22,22,GAATCTCAGTACATCCCGTT,0,1595196
galEp,0.05263157894736842,18,18,ACACGATCCTAGGGAGGTTG,0,1595195
galEp,0.06666666666666667,14,14,TAACTGGTGTATCAGTTCAA,0,1595198
galEp,0.2,4,4,CGTTGGAGGCTTCGGAGGCA,0,1595221
galEp,0.3333333333333333,2,2,ACGCGAGGTGCGCAACAAGT,0,1595206
galEp,0.5,1,1,ATTGTTCACGCTGTACCGGG,0,1595210
