name,relative_counts,ct,ct_0,barcode,ct_1,barcode_ind
galEp,0.15789473684210525,20,18,GAATCTCAGTACATCCCGTT,2,1595196
galEp,0.2857142857142857,7,6,GGCCCCTCTGATCACTAGAT,1,1595203
galEp,36.333333333333336,222,5,ATTGTTCACGCTGTACCGGG,217,1595210
galEp,0.027777777777777776,35,35,GAGTATCGTTTAGTTTGCAT,0,1595199
galEp,0.06666666666666667,14,14,ACACGATCCTAGGGAGGTTG,0,1595195
galEp,0.07142857142857142,13,13,CTTTGAACTCGGGTGAATTG,0,1595197
galEp,0.08333333333333333,11,11,CGTTGGAGGCTTCGGAGGCA,0,1595221
galEp,0.125,7,7,AGGCGATATGAGTTTTAGGT,0,1595214
galEp,0.2,4,4,TGGATACGTGATCAGCCGTT,0,1595202
galEp,0.3333333333333333,2,2,TAACTGGTGTATCAGTTCAA,0,1595198
