name,relative_counts,ct,ct_0,barcode,ct_1,barcode_ind
galEp,3.878787878787879,159,32,GAGTATCGTTTAGTTTGCAT,127,1595199
galEp,3.388888888888889,77,17,TAACTGGTGTATCAGTTCAA,60,1595198
galEp,3.1666666666666665,73,17,GGCCCCTCTGATCACTAGAT,56,1595203
galEp,3.0,70,17,CGTTGGAGGCTTCGGAGGCA,53,1595221
galEp,5.4375,101,15,ACACGATCCTAGGGAGGTTG,86,1595195
galEp,5.777777777777778,59,8,ATTGTTCACGCTGTACCGGG,51,1595210
galEp,0.08333333333333333,11,11,AGGCGATATGAGTTTTAGGT,0,1595214
galEp,0.09090909090909091,10,10,GAATCTCAGTACATCCCGTT,0,1595196
galEp,0.09090909090909091,10,10,CTTTGAACTCGGGTGAATTG,0,1595197
galEp,0.5,1,1,ACGCGAGGTGCGCAACAAGT,0,1595206
galEp,76.0,75,0,TGGATACGTGATCAGCCGTT,75,1595202
