name,relative_counts,ct,ct_0,barcode,ct_1,barcode_ind
galEp,4.948717948717949,230,38,GAGTATCGTTTAGTTTGCAT,192,1595199
galEp,1.0909090909090908,44,21,GAATCTCAGTACATCCCGTT,23,1595196
galEp,3.3846153846153846,55,12,ACACGATCCTAGGGAGGTTG,43,1595195
galEp,8.75,76,7,GGCCCCTCTGATCACTAGAT,69,1595203
galEp,11.5,48,3,ATTGTTCACGCTGTACCGGG,45,1595210
galEp,0.058823529411764705,16,16,TAACTGGTGTATCAGTTCAA,0,1595198
galEp,0.07692307692307693,12,12,CGTTGGAGGCTTCGGAGGCA,0,1595221
galEp,0.09090909090909091,10,10,CTTTGAACTCGGGTGAATTG,0,1595197
galEp,0.14285714285714285,6,6,AGGCGATATGAGTTTTAGGT,0,1595214
galEp,0.3333333333333333,2,2,ACGCGAGGTGCGCAACAAGT,0,1595206
galEp,2.0,1,0,TGGATACGTGATCAGCCGTT,1,1595202
