name,relative_counts,ct,ct_0,barcode,ct_1,barcode_ind
galEp,33.0,950,27,GAGTATCGTTTAGTTTGCAT,923,1595199
galEp,66.72222222222223,1217,17,GAATCTCAGTACATCCCGTT,1200,1595196
galEp,13.266666666666667,212,14,CTTTGAACTCGGGTGAATTG,198,1595197
galEp,17.307692307692307,236,12,GGCCCCTCTGATCACTAGAT,224,1595203
galEp,22.818181818181817,260,10,CGTTGGAGGCTTCGGAGGCA,250,1595221
galEp,14.333333333333334,136,8,AGGCGATATGAGTTTTAGGT,128,1595214
galEp,98.14285714285714,692,6,ACACGATCCTAGGGAGGTTG,686,1595195
galEp,16.0,32,1,TGGATACGTGATCAGCCGTT,31,1595202
galEp,36.0,72,1,ATTGTTCACGCTGTACCGGG,71,1595210
galEp,0.16666666666666666,5,5,TCATCATGTGGCAACCCTCG,0,1595200
galEp,52.0,51,0,TAACTGGTGTATCAGTTCAA,51,1595198
galEp,31.0,30,0,ACGCGAGGTGCGCAACAAGT,30,1595206
